{"cameraMode":{"drawMode":0,"name":"Shaded","section":"Shading Mode"},"sceneLighting":false,"audioPlay":false,"sceneViewState":{"showFog":true,"showMaterialUpdate":false,"showSkybox":true,"showFlares":true,"showImageEffects":true,"showParticleSystems":true},"in2DMode":false,"pivot":{"x":0.00016176700592041016,"y":0.980421781539917,"z":-0.36752399802207949},"rotation":{"x":0.492276132106781,"y":0.5063775181770325,"z":-0.4740128815174103,"w":0.525887668132782},"size":4.550271511077881,"orthographic":false}